Project,Class,Pattern Predicted
ChenSun,Statement,
dozer,BaseSampleBeanFactory,FactoryMethod
graph-collections,SpatialIndexVisitor,Visitor
api,SingletonProvider,Singleton
thredds,Nc4prototypes,Prototype
sslr,MatcherVisitor,Visitor
ChenSun,V1toV2StatementInterceptorAdapter,Adapter
cxf,ParamTypeSpecVisitor,Visitor
eclipse.platform.debug,MementoUpdate,Memento
cdt,ControlFlowGraphBuilder,Builder
Lord-of-Ultima-Manager,SessionAdapter,Adapter
cdt,AbstractCExtensionProxy,Proxy
maven-3,DefaultSettingsBuilder,Builder
biojava-legacy,SequenceBuilderFactory,FactoryMethod
biomixer,FixedLabelResourceSetAvatarFactory,FactoryMethod
intellij-community,MockFileIndexFacade,Facade
flume_1,BenchmarkInjectDecorator,Decorator
cdt,ACBuilder,Builder
Emma,AbstractItemVisitor,Visitor
swing-mvc-demo,GroupModelObserver,Observer
crunch,JobPrototype,Prototype
ChenSun,ConnectionGroup,
molgenis_apps,MolgenisUserDecorator,Decorator
cdt,IPathSettingsContainerVisitor,Visitor
biomixer,ResourceSetPresenterDropCommandFactory,FactoryMethod
coala,DocumentEntryBuilder,Builder
drools,Memento,Memento
cdt,DocumentAdapter,Adapter
java-design-patterns-master,WeatherObserver,Observer
AllBinary-Platform,ConstrainedMotionRectanglesResultsCacheSingleton,Singleton
BuildCraft,EnergyProxyClient,Proxy
JavaDesignPatternExercises,Memento,Memento
de-webapp,MessageServiceFacade,Facade
BuildCraft,EnergyProxy,Proxy
carrot2,SimpleXmlMemento,Memento
cw-omnibus,ContentsAdapter,Adapter
cytoscape-plugins,ObjectFactorySingleton,Singleton
jbehave-core,SpringAnnotationBuilder,Builder
cdt,ModulesViewModelProxy,Proxy
AllBinary-Platform,GameConfigurationPersistanceSingleton,Singleton
basiclti-portlet,SakaiAdapter,Adapter
smsc-server,StatisticsObserver,Observer
cucumber-jvm,ZipResourceIteratorFactory,FactoryMethod
OneSwarm,DHTRouterObserver,Observer
pmd,DumpFacade,Facade
cdk,FacesConfigAdapter,Adapter
ASEME,StatechartFactoryImpl,AbstractFactory
petals-studio,MailFactoryImpl,AbstractFactory
DownloadProvider,DownloadAdapter,Adapter
ChenSun,ConnectionProperties,
cxf,MultipleEndpointObserver,Observer
DimSim,RTMPTCodecFactory,AbstractFactory
cxf,VisitorBase,Visitor
cdk,LibraryBuilder,Builder
flume_1,GunzipDecorator,Decorator
jbehave-core,WeldStepsFactory,FactoryMethod
jbehave-core,CalendarConverter,
pcgen-svn,TermEvaluatorBuilderPCStat,Builder
jbehave-core,Trader,
SamyGo-Android-Remote,CSeriesKeyCodeSenderFactory,FactoryMethod
intellij-community,FileIndexFacade,Facade
platform,ActivityMediationStatisticsObserver,Observer
liferay-portal,LayoutPrototype,Prototype
flume_1,BloomCheckDecorator,Decorator
petals-studio,MailFactory,FactoryMethod
biomixer,Memento,Memento
pcgen-svn,LanguageChooserFacade,Facade
cdt,IListAdapter,Adapter
CIDE,ScreenSingleton,Singleton
java-design-patterns-master,OrcKingdomFactory,AbstractFactory
WhartonEventScheduler,EventListCursorAdapter,Adapter
platform,RestAPIObserver,Observer
cayenne,WidgetFactory,AbstractFactory
BuildCraft,TransportProxy,Proxy
cxf,EndpointReferenceDomainExpressionBuilder,Builder
platform,STSObserver,Observer
brightroom,AppHistoryObserver,Observer
pcgen-svn,ManufacturableFactory,FactoryMethod
android-rackspacecloud,NioTransformingHttpCommandExecutorServiceModule,
jbehave-core,SameThreadExecutors,
jamendo-android,ReviewBuilder,Builder
jbehave-core,SpringStoryReporterBuilder,Builder
jbehave-core,CompositeNestedSteps,
s4,PrototypeRequest,Prototype
suite,Prototype,Prototype
cdt,CDataProxyContainer,Proxy
CIDE,ScreenSingleton,Singleton
ChenSun,BlobFromLocator,
Catroid,PrototypeBrickAdapter,Adapter
jbehave-core,GroovyAnnotationBuilder,Builder
emf.compare,DefaultComparisonFactory,FactoryMethod
intellij-community,SingletonMap,Singleton
maven-3,DefaultJavaToolchainFactory,FactoryMethod
flume_1,DigestDecorator,Decorator
iBatisWorkShop,SingletonConnectionManager,Singleton
osate2-core,FeaturePrototype,Prototype
3taps-Java-Client,BestMatchResponse,
pcgen-svn,SpellFacade,Facade
Lord-of-Ultima-Manager,TroopAdapter,Adapter
sslr,SymbolTableBuilderVisitor,Visitor
jbehave-core,ParameterConverters,Facade
lcmc,PrototypeFactory,FactoryMethod
jbehave-core,StoryReporterBuilder,Builder
openejb,SingletonContext,Singleton
pcgen-svn,StatFacade,Facade
cdt,CVisitor,Visitor
cxf,PortTypeVisitor,Visitor
cxf,JaxbAssertionBuilder,Builder
sslr,FirstVisitor,Visitor
cdt,UpdatePolicyDecorator,Decorator
cdt,CodeFormatterVisitor,Visitor
BuildCraft,BuilderProxy,Proxy
fafdtibb,FatNodeBuilderFactory,Builder
ChenSun,ConnectionGroupManager,
spring-social-twitter,PlacePrototype,Prototype
orion.server,OSGiConsoleFactory,FactoryMethod
spring-migration-analyzer,DelegatingClassVisitor,Visitor
frostwire-desktop,MRJ23EventProxy,Proxy
ChenSun,JDBC4MysqlXAConnection,
molgenis_apps,MeasurementDecorator,Decorator
ChenSun,ConnectionFeatureNotAvailableException,
drools,Memento,Memento
cxf,ClientOutFaultObserver,Observer
pcgen-svn,InfoFactory,FactoryMethod
mongkie,SimpleDefaultDecorator,Decorator
SmartBIPrototype,SmartBIPrototype,Prototype
osate2-core,ComponentPrototypeImpl,Prototype
biomixer,ResourceSetFactory,FactoryMethod
de-webapp,UserSessionServiceFacade,Facade
jbehave-core,GuiceAnnotationBuilder,Builder
eclipse.platform.ui,IMemento,Memento
pellet,AtomObjectVisitor,Visitor
cdt,DefaultVMModelProxyStrategy,Proxy
pcgen-svn,AbstractListFacade,Facade
platform,Axis2ConfigurationContextObserverImpl,Observer
pcgen-svn,PopupMouseAdapter,Adapter
ecf,IDFactory,FactoryMethod
prevayler,MementoTransaction,Memento
faban,SocketFactory,FactoryMethod
jamendo-android,TrackBuilder,Builder
harmony-classlib,MockBeanContextProxy,Proxy
3taps-Java-Client,UpdateResponse,
AllBinary-Platform,DisplayInfoSingleton,Singleton
ocl,CompleteOCLCSTFactoryImpl,AbstractFactory
fest-reflect,PostDecorator,Decorator
petals-studio,Filetransfer3FactoryImpl,AbstractFactory
cdk,BehaviorRendererAdapter,Adapter
cxf,AddressingAssertionBuilder,Builder
pcgen-svn,CampaignInfoFactory,FactoryMethod
cdt,DelegatingDragAdapter,Adapter
maven-3,MavenSettingsBuilder,Builder
jamendo-android,AlbumBuilder,Builder
po-mindstorms,FacadeSector,Facade
Get-Another-Label,Decorator,Decorator
flume_1,LazyOpenDecorator,Decorator
OneSwarm,ExternalTextResourcePrototype,Prototype
prevayler,MementoManagerCommand,Memento
Pydev,DialogMemento,Memento
Generic-Graph-View,InstancemodelFactory,AbstractFactory
osate2-core,FeaturePrototypeReferenceImpl,Prototype
accent,ControlledConnectionProxy,Proxy
maven-3,ArtifactFactory,FactoryMethod
JagTrack,Prototype,Prototype
cdt,ASTCommenterVisitor,Visitor
pcgen-svn,RaceFacade,Facade
spring-batch,ItemWriterAdapter,Adapter
BuildCraft,BuilderProxyClient,Proxy
pcgen-svn,XPTableFacade,Facade
Promasi-V2,SdSystemMemento,Memento
AndroidBillingLibrary,MockBillingObserver,Observer
flume_1,BenchmarkReportDecorator,Decorator
eclipse.platform.debug,ExpressionManagerMementoProvider,Memento
platform,MessageStoreObserver,Observer
coala,PdqMessageBuilderImpl,Builder
Generic-Graph-View,GraphViewMappingFactory,AbstractFactory
Android-RTMP,FFMPEGPrototype,Prototype
fuzzydb,BooleanDecorator,Decorator
openejb,ThreadSingletonServiceImpl,Singleton
OpenSIG,ImportacaoProxy,Proxy
java-game-server,UDPPipelineFactory,FactoryMethod
cxf,SimpleTypeSpecVisitor,Visitor
flume_1,HelloWorldDecorator,Decorator
osate2-core,FeatureGroupPrototypeBindingImpl,Prototype
dozer,ClassMapBuilder,Builder
activemq,JobFacade,Facade
intellij-community,Singleton,Singleton
Lord-of-Ultima-Manager,CityAdapter,Adapter
maven-cuke4duke-jump-start,WebDriverFacade,Facade
geronimo,CORBAEJBMemento,Memento
ChenSun,MysqlConnectionPoolDataSource,
maven-3,DefaultJavaToolchainFactory,FactoryMethod
AllBinary-Platform,MakeCountedPartsSingletonArrayFactory,Singleton
Cream,LoggingObserver,Observer
Dual-Battery-Widget,IntentReceiver,
platform,ConfigurationContextObserverImpl,Observer
freemind,ExtendedAttributeTableModelDecorator,Decorator
birt,Memento,Memento
IDV,PrototypeManager,Prototype
ocl,OCLinEcoreCSTFactory,AbstractFactory
CS230-Software-Project,Observable,Observer
pcgen-svn,DescriptionFacadeImpl,Facade
rap,MementoStateManager,Memento
wayback,ParseEventDelegatorVisitor,Visitor
pcgen-svn,EquipmentListFacadeImpl,Facade
harmony-classlib,Proxy,Proxy
jbehave-core,PriorityMatchingSteps,
jbehave-core,ParametrisationByDelimitedNameSteps,
Promasi-V2,CompanyMemento,Memento
cdt,AsmModelBuilder,Builder
pcgen-svn,DefaultListFacade,Facade
molgenis_apps,NameableDecorator,Decorator
osate2-core,MemoryPrototypeImpl,Prototype
fest-reflect,PreDecorator,Decorator
TurtlePlayer,PreferencesObserver,Observer
coala,PdqRouteBuilder,Builder
spring-stringtemplate,StringTemplateDecoratorServlet,Decorator
arquillian_deprecated,ObserverImpl,Observer
platform,DeploymentSyncAxis2ConfigurationContextObserver,Observer
basiclti-portlet,WimbaAdapter,Adapter
eclipse.platform.debug,MemoryViewElementMementoProvider,Memento
osate2-core,ComponentPrototypeActualImpl,Prototype
fafdtibb,LimitModeTreeBuilderFactory,AbstractFactory
ChenSun,MysqlXAConnection,
modapi,Prototype,Prototype
activemq,SingletonBrokerFacade,Singleton
harmony-classlib,BeanContextContainerProxy,Proxy
jbehave-core,CompositeSteps,
cxf,AbstractFaultChainInitiatorObserver,Observer
molgenis_apps,TaskDecorator,Decorator
cdt,ICPPASTVisitor,Visitor
osate2-core,VirtualBusPrototypeImpl,Prototype
pcgen-svn,TermEvaluatorBuilderEQVar,Builder
Lord-of-Ultima-Manager,TradeAdapter,Adapter
refactoring_guru,HtmlDialog,FactoryMethod
de-webapp,AbstractContextBuilder,Builder
zk,IDOMFactory,AbstractFactory
jabylon,UsersFactoryImpl,AbstractFactory
activemq,BrokerFacadeSupport,Facade
pellet,EntailmentQueryVisitor,Visitor
XobotOS,Singleton,Singleton
soapui,RestMethodPanelBuilder,Builder
cdt,LocationAdapter,Adapter
biomixer,ResourceSetAvatarFactory,FactoryMethod
cxf,MessageReplayObserver,Observer
milton,HrResourceFactory,FactoryMethod
frostwire-desktop,MouseObserver,Observer
refactoring_guru,MacOSFactory,AbstractFactory
DimSim,RTMPCodecFactory,AbstractFactory
molgenis_apps,BiobankDecorator,Decorator
AllBinary-Platform,InputAutomationModuleConfigurationsSingletonFactory,AbstractFactory
wayback,ReplayRendererDecoratorFactory,FactoryMethod
LimeWire-Pirate-Edition,InNetworkDownloadMemento,Memento
harmony-classlib,ProxySelectorImpl,Proxy
faban,AboveTimedSSLSocketFactory,FactoryMethod
wolips,EOPrototypeListLabelProvider,Prototype
openejb,SingletonInstanceManager,Singleton
jbehave-core,StepFailureDecoratorBehaviour,Decorator
ChenSun,Clob,
LimeWire-Pirate-Edition,MagnetDownloadMementoImpl,Memento
magic-config,TagDecorator,Decorator
directory-server,AvlTreeSingleton,Singleton
Alice,ResponsePrototype,Prototype
jbehave-core,GroovyStepsFactory,AbstractFactory
BuildCraft,SiliconProxyClient,Proxy
pcgen-svn,SortedListFacade,Facade
jamendo-android,RadioBuilder,Builder
petals-studio,JbiFactoryImpl,AbstractFactory
java-design-patterns-master,FishingBoatAdapter,Adapter
flume_1,InsistentOpenDecorator,Decorator
jbehave-core,PicoStepsFactory,AbstractFactory
pcgen-svn,CharacterFacadeImpl,Facade
swp1-teamhub,AufgabeFacade,Facade
javassist,ProxyObject,Proxy
LimeWire-Pirate-Edition,GnutellaDownloadMementoImpl,Memento
swp1-teamhub,BenutzerFacade,Facade
jbehave-core,MetaParametrisationSteps,
Cours-3eme-ann-e,AeroportFacadeREST,Facade
platform,BAMMediationStatisticsObserver,Observer
geotoolkit-pending,SingletonIterator,Singleton
abdera,Singleton,Singleton
AllBinary-Platform,LicenseInterfaceSingleton,Singleton
DimSim,EventsJsonProxy,Proxy
jackrabbit,SingletonRepositoryFactory,Singleton
pizzaapp,ConfigurationSingleton,Singleton
pcgen-svn,QualifiedDecorator,Decorator
jbehave-core,PicoAnnotationBuilderBehaviour,Builder
harmony-classlib,ProxySelector,Proxy
Dual-Battery-Widget,BillingObserver,Observer
TapIt-Android-SDK-Source,AlertAdProxyPrototype,Prototype
intellij-community,NewInstanceOfSingletonInspection,Singleton
cdt,DeferredCWorkbenchAdapter,Adapter
osate2-core,SystemPrototypeImpl,Prototype
teiid-designer,MappingLabelDecorator,Decorator
magic-config,DecoratorFactory,FactoryMethod
cxf,TemplateTypeSpecVisitor,Visitor
pcgen-svn,EquipmentSetFacadeImpl,Facade
cdt,CModelBuilder2,Builder
cxf,ScopedNameVisitor,Visitor
jbehave-core,FailingAfterStories,
ChenSun,LoadBalancingConnectionProxy,Proxy
magic-config,DecoratorFactoryImpl,FactoryMethod
pcgen-svn,SourceSelectionFacade,Facade
spring-migration-analyzer,DelegatingMethodVisitor,Visitor
cruisecontrol,PhingBuilder,Builder
bio_quiz,PlayerFacade,Facade
helma,Prototype,Prototype
ChenSun,ExtendedMysqlExceptionSorter,
ecf,ServiceResourceFactory,FactoryMethod
java-design-patterns,Prototype,Prototype
jackrabbit,AccessControlObserver,Observer
platform,PDPProxy,Proxy
AxonFramework,SpringPrototypeAggregateFactory,AbstractFactory
pcgen-svn,TodoFacade,Facade
BuildCraft,BuildersProxy,Proxy
clusterbench,LocalSingletonEjbServlet,Singleton
cdt,CElementDecorator,Decorator
cdo,CDOLazyContentAdapter,Adapter
com.happyprog.tdgotchi,RefactoringObserver,Observer
sherlog,SimpleLogEventFilterMemento,Memento
cdt,AutotoolsConfigurationBuilder,Builder
protoj,Prototype,Prototype
eclipse.platform.ui,IMementoAware,Memento
biomixer,SvgElementFactory,FactoryMethod
intellij-community,CachedSingletonsRegistry,Singleton
jbehave-core,InjectableStepsFactory,AbstractFactory
infinitest,ProjectFacade,Facade
A7B36ASS,AbstractFactory,AbstractFactory
refactoring_guru,WindowsFactory,AbstractFactory
DimSim,ObjectProxy,Proxy
ChenSun,ExportControlled,
cdk,NormalizedStringAdapter,Adapter
cxf,ArrayVisitor,Visitor
tomcat70,ResourceFactory,FactoryMethod
biomixer,TextSvgElementFactory,FactoryMethod
Promasi-V2,EmployeeMemento,Memento
AllBinary-Platform,NullHighScoresSingletonFactory,AbstractFactory
ChenSun,IterateBlock,
nuxeo-tycho-osgi,XMLMemento,Memento
JavaDesignPatternExercises,IMemento,Memento
cdt,BuildConsoleStreamDecorator,Decorator
jbehave-core,AuthenticationSteps,
pellet,NumericVisitor,Visitor
harmony-classlib,Proxy,Proxy
osate2-core,ComponentPrototypeImpl,Prototype
flume_1,SelectDecorator,Decorator
jbehave-core,ThreadsStories,
ant,RmicAdapter,Adapter
swing-mvc-demo,UserModelObserver,Observer
LimeWire-Pirate-Edition,AbstractLazySingletonProvider,Singleton
eclipse.platform.debug,DebugElementMementoProvider,Memento
ant,TimeoutObserver,Observer
osate2-core,VirtualProcessorPrototypeImpl,Prototype
jbehave-core,AbstractSteps,
platform,Axis2ConfigurationContextObserverImpl,Observer
eclipse.platform.debug,XMLMemento,Memento
platform_frameworks_base,Singleton,Singleton
cdt,CDTViewerDropAdapter,Adapter
soapui,ResponseInspectorFactory,FactoryMethod
MPS,Memento,Memento
james,MimeMessageCopyOnWriteProxy,Proxy
mongkie,DecoratorItem,Decorator
molgenis_apps,MolgenisFileDecorator,Decorator
playorm,IterLogProxy,Proxy
jbehave-core,OrganizationSteps,
freemind,ReducedAttributeTableModelDecorator,Decorator
3taps-Java-Client,Category,
java-design-patterns-master,KingdomFactory,AbstractFactory
sslr,ExecutionFlowVisitor,Visitor
spring-batch,ItemReaderAdapter,Adapter
UK-Ejemplos,Observer,Observer
jbehave-core,UserBuilder,Builder
java-game-server,ExecutionHandlerSingleton,Singleton
cdk,ComponentAdapter,Adapter
java-design-patterns-master,Prototype,Prototype
jbehave-core,ParameterDelimitersSteps,
Android_1,IClientSocketFactory,FactoryMethod
jbehave-core,EmbedderMonitorDecorator,Decorator
platform,ServiceStatisticsAxis2ConfigurationContextObserver,Observer
smsc-server,DbUserManagerFactory,FactoryMethod
biomixer,UpdateResourceSetAvatarLabelFactory,FactoryMethod
platform,PaypalNVPProxy,Proxy
cdk,AdapterBase,Adapter
pellet,GenericTaxonomyBuilder,Builder
protogrid,GridPrototype,Prototype
playorm,FactorySingleton,Singleton
intellij-community,CodeFormatterFacade,Facade
jbehave-core,ScalaStepsFactory,AbstractFactory
platform,EventAxis2ConfigurationContextObserver,Observer
milton,ResourceFactoryFactory,AbstractFactory
cdt,CfgProxyCache,Proxy
intellij-community,JavaPsiFacade,Facade
AllBinary-Platform,PrimitiveLongSingleton,Singleton
wayback,ARCUnwrappingProxy,Proxy
3taps-Java-Client,GeocoderRequest,
DimSim,PopoutWindowProxy,Proxy
jbehave-core,GuiceStepsFactory,AbstractFactory
dozer,BeanMappingBuilder,Builder
3taps-Java-Client,SearchRequest,
jboss-aejb,SingletonAEjbHandler,Singleton
cdk,ElementAdapterBase,Adapter
molgenis_apps,LibraryLaneDecorator,Decorator
Cours-3eme-ann-e,VolFacadeREST,Facade
LimeWire-Pirate-Edition,LibTorrentBTDownloadMementoImpl,Memento
harmony-classlib,EventListenerProxy,Proxy
cdk,RendererAdapter,Adapter
cdo,H2Adapter,Adapter
cruisecontrol,RakeBuilder,Builder
kahlua2,Prototype,Prototype
james,RestrictingRMISocketFactory,AbstractFactory
Generic-Graph-View,GraphViewStyleFactoryImpl,AbstractFactory
jbehave-core,SpringStoryReporterBuilderBehaviour,Builder
pellet,ELTaxonomyBuilder,Builder
osate2-core,ComponentPrototype,Prototype
cdt,CWorkbenchAdapter,Adapter
pellet,NumericComparisonVisitor,Visitor
fafdtibb,FastNodeBuilderFactory,AbstractFactory
cxf,StaxBuilder,Builder
ChenSun,ReflectiveStatementInterceptorAdapter,Adapter
prevayler,Memento,Memento
DownloadProvider,SystemFacade,Facade
cdk,FacetAdapter,Adapter
biojava-legacy,BioSQLRichObjectBuilder,Builder
liferay-portal,LayoutPrototypeLocalServiceWrapper,
cdk,ValidatorAdapter,Adapter
JavaDesignPatternExercises,ISubject,Observer
console_1,GinjectorSingleton,Singleton
jbehave-core,CompositeStepsFactory,AbstractFactory
LimeWire-Pirate-Edition,DownloadMemento,Memento
OneSwarm,ResourcePrototype,Prototype
basiclti-portlet,BasicLTIAdapterFactory,AbstractFactory
pcgen-svn,PartyFacadeImpl,Facade
openejb,SingletonEjbHomeHandler,Singleton
cxf,RM11AssertionBuilder,Builder
ocl,ExpressionsFactoryImpl,AbstractFactory
harmony-classlib,Proxy,Proxy
Emma,IItemVisitor,Visitor
osate2-core,PrototypeBindingImpl,Prototype
java-patterns,OracleRegistrationDAOFactory,FactoryMethod
cdt,PDOMASTAdapter,Adapter
pcgen-svn,SizeFacade,Facade
osate2-core,SubprogramGroupPrototypeImpl,Prototype
maven-3,LifecycleWeaveBuilder,Builder
biomixer,JsDomSvgElementFactory,FactoryMethod
smsc-server,UserManagerFactory,FactoryMethod
cxf,ServiceWSDLBuilder,Builder
openejb,SingletonContainer,Singleton
Dual-Battery-Widget,BatteryLevelAdapter,Adapter
birt,MementoElement,Memento
cxf,OperationVisitor,Visitor
activemq,LocalBrokerFacade,Facade
liferay-portal,LayoutPrototypeImpl,Prototype
small-team-km-android-client,ImageCacheSoftRefSingleton,Singleton
openejb,SingletonEjbObjectHandler,Singleton
eclipse.jdt.ui,Mementos,Memento
agetac-ng,AddEntityMemento,Memento
frostwire-desktop,ProxyDefintion,Proxy
osate2-core,FeaturePrototypeActualImpl,Prototype
sslr,EmptyRepetitionVisitor,Visitor
frostwire-desktop,FrmProxy,Proxy
pcgen-svn,PartyFacade,Facade
cdt,IncludeReferenceProxy,Proxy
maven-3,DefaultArtifactFactory,FactoryMethod
dawn-third,AxisMemento,Memento
biomixer,Memento,Memento
ChenSun,SocialNetworkNavigation,
mitfahrzentraleClient,ObjectFactory,FactoryMethod
see,IntegerFactory,AbstractFactory
ChenSun,CommunicationsException,
cdo,CDOFeatureDeltaVisitorImpl,Visitor
infinitest,WorkspaceFacade,Facade
AllBinary-Platform,TestingInputSingleton,Singleton
JavaDesignPatternExercises,IMemento,Memento
zen-project,SingletonSolrAware,Singleton
molgenis_apps,MeasurementDecorator,Decorator
jackrabbit,SingletonRepositoryFactory,Singleton
frostwire-desktop,DnDCellRendererProxy,Proxy
eclipse.platform.debug,ControlsMementoProvider,Memento
pcgen-svn,PersistenceObserver,Observer
Promasi-V2,ProjectMemento,Memento
jbehave-core,GameObserver,Observer
cdt,AutoconfPrototype,Prototype
refactoring_guru,Visitor,Visitor
playorm,NoSqlProxy,Proxy
Android-RTMP,FFMPEGPrototype,Prototype
intellij-community,FacetEditorFacade,Facade
pellet,ATermBaseVisitor,Visitor
platform,DiscoveryAxis2ConfigurationContextObserver,Observer
OneSwarm,ImageResourcePrototype,Prototype
eclipse.platform.debug,StackFrameMementoProvider,Memento
platform,RSSManagerAxis2ConfigContextObserver,Observer
ChenSun,ConnectionImpl,
nuxeo-tycho-osgi,Memento,Memento
molgenis_apps,FlowcellDecorator,Decorator
Promasi-V2,MarketPlaceMemento,Memento
coala,PdqMessageBuilderImpl,Builder
cdt,MITTYAdapter,Adapter
milton,ImageTableObserver,Observer
cdt,ASTGenericVisitor,Visitor
AllBinary-Platform,ConsolidatedMotionRectanglesResultsCacheSingleton,Singleton
AllBinary-Platform,BufferedImagePoolSingleton,Singleton
flume_1,DelayDecorator,Decorator
harmony-classlib,Observable,Observer
fop,LoggingElementListObserver,Observer
xdi2,Prototype,Prototype
cayenne,TextPaneViewFactory,FactoryMethod
cfeclipse,ImageDecorator,Decorator
activemq,RemoteJMXBrokerFacade,Facade
jamendo-android,DownloadJobBuilder,Builder
eclipse.jdt.core,MementoTokenizer,
hivedb,SingletonHiveSessionFactoryBuilder,Singleton
cdk,TagHandlerGeneratorVisitor,Visitor
platform,CassandraAxis2ConfigurationContextObserver,Observer
de-webapp,FileEditorServiceFacade,Facade
basiclti-portlet,PeoplesoftAdapter,Adapter
dozer,TypeMappingBuilder,Builder
jbehave-core,StepdocReporter,
cdt,ExternalEditorInputFactory,FactoryMethod
cruisecontrol,ExecBuilder,Builder
maven-3,DefaultProjectBuilder,Builder
kodejava,Singleton,Singleton
cruisecontrol,ServerNameSingleton,Singleton
mongkie,DecoratorLabelRenderer,Decorator
platform,Axis2ConfigurationContextObserverImpl,Observer
Generic-Graph-View,InstancemodelFactoryImpl,AbstractFactory
sablecc,MMacroCreatorPrototype,Prototype
java-patterns,MySQLRegistrationDAOFactory,AbstractFactory
dozer,CacheKeyFactory,FactoryMethod
jbehave-core,TraderConverter,
osate2-core,AbstractPrototypeImpl,Prototype
fuzzydb,IDecorator,Decorator
biojava-legacy,SequenceBuilder,Builder
A7B36ASS,StudentFactory,AbstractFactory
cdk,EmptyAnnotationValueVisitor,Visitor
osate2-core,ProcessPrototypeImpl,Prototype
cdk,SimpleVisitor,Visitor
cxf,ParamDclVisitor,Visitor
cxf,JAXWSDefinitionBuilder,Builder
DimSim,DebugProxyHandler,Proxy
frostwire-desktop,ProxyData,Proxy
cdt,BinaryObjectAdapter,Adapter
ocl,QuantitystructureFactoryImpl,AbstractFactory
cdk,TaglibGeneratorVisitor,Visitor
BuildCraft,SiliconProxy,Proxy
freemind,ConditionNotSatisfiedDecorator,Decorator
ChenSun,AssertionFailedException,
birt,Memento,Memento
flume_1,FormatterDecorator,Decorator
flume_1,InsistentAppendDecorator,Decorator
platform,Axis2ConfigurationContextObserverImpl,Observer
platform,CSGAgentObserverImpl,Observer
BuildCraft,CoreProxy,Proxy
3taps-Java-Client,GeocoderResponse,
teiid-designer,SearchRuntimeAdapter,Adapter
frostwire-desktop,MRJEventProxy,Proxy
activemq,BrokerFacade,Facade
ChenSun,Blob,
rap,XMLMemento,Memento
sshj,SingletonRandomFactory,Singleton
javassist,ScopedClassPoolFactoryImpl,FactoryMethod
chute-android-components,HeartsSingleton,Singleton
petals-studio,Cdk5FactoryImpl,AbstractFactory
tomcat70,EjbFactory,FactoryMethod
basiclti-portlet,StandardAdapter,Adapter
s4,PrototypeRequest,Prototype
osate2-core,DevicePrototypeImpl,Prototype
cdt,ReferenceVisitor,Visitor
com.happyprog.tdgotchi,TamagotchiObserver,Observer
java-design-patterns,SergeantVisitor,Visitor
ant,TypeAdapter,Adapter
A7B36ASS,TeacherFactory,AbstractFactory
platform,SalesforceProxyImpl,Proxy
flume_1,MultiplierDecorator,Decorator
cdo,CDOElementProxy,Proxy
jbehave-core,FixedThreadExecutors,
jogetworkflow,WorkflowFacade,Facade
mongkie,DecoratorLayout,Decorator
OpenSIG,ComercialProxy,Proxy
cdt,SignalsViewModelProxy,Proxy
hbase,CompatibilitySingletonFactory,AbstractFactory
HMS,AppointmentMemento,Memento
cdo,CDOFeatureDeltaVisitor,Visitor
cfeclipse,URLDecoratorDescriptor,Decorator
flume_1,InMemoryDecorator,Decorator
rap,ConfigurationElementMemento,Memento
platform,BAMMediationStatisticsObserver,Observer
ccw,ClojureVisitor,Visitor
Promasi-V2,CalculatedEquationMemento,Memento
harmony-classlib,DataProxy,Proxy
soapui,RestServiceFactory,FactoryMethod
jbehave-core,AnnotatedEmbedderUsingPicoAndSteps,
osate2-core,FeaturePrototypeImpl,Prototype
cdk,ConverterAdapter,Adapter
BMach,IObserver,Observer
pcgen-svn,TermEvaluatorBuilderPCVar,Builder
pcgen-svn,TreeTableModelAdapter,Adapter
ant,ResourceDecorator,Decorator
molgenis_apps,MolgenisFileDecorator,Decorator
jbehave-core,ExecutorServiceFactory,FactoryMethod
platform,ProxyServiceParameterObserver,Observer
java-design-patterns,DwarvenGoldmineFacade,Facade
wayback,MementoReplayRendererDecorator,Decorator
eclipse.platform.ui,XMLMemento,Memento
vogella,ElementObserver,Observer
ccw,ClojureCore,
ocl,AbapmappingFactory,AbstractFactory
cdk,ClassAdapter,Adapter
eclipse.platform.debug,IElementMementoProvider,Memento
ecf,IIDFactory,FactoryMethod
DownloadProvider,RealSystemFacade,Facade
cfeclipse,ConfigFileDecorator,Decorator
Client,AddEntityMemento,Memento
jackrabbit,AccessControlObserver,Observer
mongkie,TableDecoratorItem,Decorator
osate2-core,PrototypeBinding,Prototype
dawn-ui,XYRegionMemento,Memento
pellet,NumericComparisonVisitor,Visitor
platform,MediationStatsAxis2ConfigurationContextObserver,Observer
CS230-Software-Project,Observer,Observer
java-design-patterns-master,ElfKingdomFactory,AbstractFactory
ASEME,SRMFactoryImpl,AbstractFactory
cdo,CDOLegacyAdapter,Adapter
soapui,ResponseEditorViewFactory,FactoryMethod
pcgen-svn,SimpleFacadeImpl,Facade
intellij-community,CodeStyleFacade,Facade
cdk,ELVisitor,Visitor
TapIt-Android-SDK-Source,TapitandroidModulePrototype,Prototype
activemq,SingletonBrokerFacade,Singleton
betterFORM,FluxFacade,Facade
cdo,CDOElementProxyImpl,Proxy
ASEME,IACFactory,AbstractFactory
flume_1,MaskDecorator,Decorator
ASEME,IACFactoryImpl,AbstractFactory
SamyGo-Android-Remote,BSeriesKeyCodeSenderFactory,FactoryMethod
platform,StatisticsAxis2ConfigurationContextObserver,Observer
cxf,StringVisitor,Visitor
frostwire-desktop,Decorator,Decorator
pcgen-svn,ShowMessageGuiObserver,Observer
platform,Axis2ConfigurationContextObserverImpl,Observer
Get-Another-Label,WorkerDecorator,Decorator
emergency-service-drools-app,MessageServerSingleton,Singleton
jbehave-core,ParentAnnotatedEmbedderUsingPico,
social_1,PlacePrototype,Prototype
pcgen-svn,DomainFacadeImpl,Facade
3taps-Java-Client,Source,
coala,CDABuilder,Builder
vogella,MyEnumSingleton,Singleton
ChenSun,CompressedInputStream,
cdk,AptBuilder,Builder
AllBinary-Platform,HighScoreNamePersistanceSingleton,Singleton
emf.compare,DiffBuilder,Builder
cdo,CDOCommonEventAdapter,Adapter
Akka-JavaEE6-Integracia,SumSingleton,Singleton
LoL-Chat,IXmppFacade,Facade
ChenSun,DocsConnectionPropsHelper,
BeeQueue,ProxyFactory,FactoryMethod
spring-migration-analyzer,StubResultGatheringClassVisitorFactory,AbstractFactory
maven-3,DefaultToolchainsBuilder,Builder
rap,ConfigurationElementMemento,Memento
iPage,IndexFactory,FactoryMethod
spring-migration-analyzer,StubResultGatheringAnnotationVisitor,Visitor
swing-mvc-demo,MainModelObserver,Observer
Promasi-V2,OutputSdObjectMemento,Memento
sablecc,MParamRefPrototype,Prototype
AllBinary-Platform,AllMotionRectanglesResultsCacheSingleton,Singleton
jbehave-core,PatternVariantBuilder,Builder
osate2-core,ThreadPrototypeImpl,Prototype
pellet,DefaultAtomObjectVisitor,Visitor
santuario-java,EncryptionElementProxy,Proxy
java-design-patterns,WizardTowerProxy,Proxy
activemq,DestinationFacade,Facade
pcgen-svn,ShowMessageConsoleObserver,Observer
3taps-Java-Client,SummaryRequest,
pcgen-svn,SpellFacadeImplem,Facade
gansenbang,PrototypeWrapper,Prototype
cdt,CodanBuilder,Builder
platform,Observers,Observer
pcgen-svn,FacadeFactory,FactoryMethod
pcgen-svn,KitFacade,Facade
gson,ProtoTypeAdapter,Adapter
Generic-Graph-View,GraphViewStyleFactory,AbstractFactory
platform_frameworks_base,Singleton,Singleton
platform,DSAxis2ConfigurationContextObserver,Observer
ASEME,AIPFactoryImpl,AbstractFactory
rap,XMLMemento,Memento
LoL-Chat,XmppFacade,Facade
maven-3,ArtifactRepositoryFactory,FactoryMethod
molgenis_apps,NameableDecorator,Decorator
LimeWire-Pirate-Edition,InNetworkDownloadMementoImpl,Memento
soapui,RestRequestPanelBuilder,Builder
hivedb,DirectoryFacade,Facade
dozer,JAXBBeanFactory,FactoryMethod
birt,MementoBuilder,Builder
cdo,EmbeddedDerbyAdapter,Adapter
Promasi-V2,StockSdObjectMemento,Memento
fafdtibb,LimitModeTreeBuilderFactory,AbstractFactory
frostwire-desktop,ProxyController,Proxy
pcgen-svn,CharacterLevelFacadeImpl,Facade
cdk,RendererClassVisitor,Visitor
flume_1,ChokeDecorator,Decorator
ju4pa,ConcurrentModificationObserver,Observer
platform_frameworks_base,AnimatorListenerAdapter,Adapter
small-team-km-android-client,ActivitiesStackSingleton,Singleton
jbehave-core,AuthenticationPolicyBuilder,Builder
cucumber-jvm,ResourceIteratorFactory,FactoryMethod
com.idega.core,Singleton,Singleton
TapIt-Android-SDK-Source,AlertAdProxy,Proxy
Alitheia-Core,ProxyServlet,Proxy
ASEME,SUCFactoryImpl,AbstractFactory
jbehave-core,DbUnitSteps,
ChenSun,FailoverConnectionProxy,Proxy
ocl,ConstraintsFactory,AbstractFactory
ChenSun,JDBC4SuspendableXAConnection,
cdt,ExcludedFileDecorator,Decorator
playorm,IterableProxy,Proxy
javassist,Proxy,Proxy
cdt,CDataProxy,Proxy
ant,DefaultRmicAdapter,Adapter
jbehave-core,InheritingAnnotatedEmbedderUsingSteps,
kodejava,Singleton,Singleton
ecf,SmartProxy,Proxy
cdt,IndexerASTVisitor,Visitor
wonder,ERPrototypes,Prototype
sslr,EmptyAlternativeVisitor,Visitor
m2eclipse-extras,P2FacadeImpl,Facade
LimeWire-Pirate-Edition,VirusDefinitionDownloadMemento,Memento
molgenis_apps,NameableDecorator,Decorator
jbehave-core,AnnotatedEmbedderUsingPico,
LimeWire-Pirate-Edition,BTMetaInfoMementoImpl,Memento
tapestry-bootstrap,BootStrapValidationDecorator,Decorator
SamyGo-Android-Remote,SenderFactory,FactoryMethod
DimSim,RTMPMinaCodecFactory,AbstractFactory
platform,AbstractPDPProxy,Proxy
see,NumberFactory,AbstractFactory
biojava-legacy,SearchBuilder,Builder
cayenne,ViewFactory,FactoryMethod
jbehave-core,AnnotatedEmbedderUsingSpringNamespace,
cdt,CStructureCreatorVisitor,Visitor
jbehave-core,GameFrame,
biomixer,NcboJsonpRestUrlBuilderFactory,FactoryMethod
BuildCraft,FactoryProxy,Proxy
cxf,ModuleVisitor,Visitor
infinitest,EclipseFacade,Facade
kodejava,SingletonDemo,Singleton
swp1-teamhub,AbstractFacade,Facade
molgenis_apps,IdentifiableDecorator,Decorator
osate2-core,ThreadGroupPrototypeImpl,Prototype
TapIt-Android-SDK-Source,BannerViewProxyPrototype,Prototype
3taps-Java-Client,Posting,
jbehave-core,ThreadsSteps,
ant,ExtensionAdapter,Adapter
3taps-Java-Client,Utils,
platform,TransactionManagerAxis2ConfigurationContextObserver,Observer
AllBinary-Platform,SmallIntegerSingletonFactory,AbstractFactory
cdk,PropertyAdapter,Adapter
AllBinary-Platform,GameConfigurationSingleton,Singleton
jamendo-android,LicenseBuilder,Builder
jbehave-core,PrintStreamFactory,FactoryMethod
cdt,ProjectIndexerInputAdapter,Adapter
ChenSun,ConnectionPropertiesTransform,
AllBinary-Platform,AdminUserEmailEventHandlerSingletons,Singleton
TwelveMonkeys,Visitor,Visitor
modapi,Prototype,Prototype
osate2-core,ComponentPrototypeActual,Prototype
cxf,TypedefVisitor,Visitor
m2eclipse-extras,P2Facade,Facade
jbehave-core,Embedder,
molgenis_apps,MeasurementDecorator,Decorator
movsim,VehiclePrototype,Prototype
cdt,CNavigatorProblemsLabelDecorator,Decorator
pcgen-svn,GeneralChooserFacadeBase,Facade
milton,ResourceFactory,FactoryMethod
swing-mvc-demo,MainModelObserver,Observer
MPS,MementoPersistence,Memento
wayback,QueryCaptureFilterGroupFactory,FactoryMethod
pcgen-svn,ListDataAdapter,Adapter
jbehave-core,ParameterDelimiters,
fop,ElementListObserver,Observer
petals-studio,Cdk5Factory,AbstractFactory
orion.server,GitSshSessionFactory,FactoryMethod
TapIt-Android-SDK-Source,InterstitialAdProxyPrototype,Prototype
james,RMISocketFactory,AbstractFactory
vogella,MyObserver,Observer
refactoring_guru,Memento,Memento
SWE12-Drone,PrototypeBrickAdapter,Adapter
sslr,RuleMatchersVisitor,Visitor
fuzzydb,Decorator,Decorator
harmony-classlib,PropertyChangeListenerProxy,Proxy
ant,ResourceFactory,FactoryMethod
cdk,BehaviorAdapter,Adapter
pcgen-svn,FacadeFactory,FactoryMethod
refactoring_guru,Builder,Builder
pcgen-svn,EqBuilder,Builder
platform,JAXWSAxis2ConfigurationObserver,Observer
pellet,NumberToLiteralVisitor,Visitor
console_1,CoreUISingleton,Singleton
platform,SecurityAxis2ConfigurationContextObserver,Observer
Android-Simple-Social-Sharing,TwitterEventObserver,Observer
spring-migration-analyzer,DelegatingAnnotationVisitor,Visitor
ant,Native2AsciiAdapter,Adapter
molgenis_apps,DataDecorator,Decorator
basiclti-portlet,ChemvantageAdapter,Adapter
cdt,CDTViewerDragAdapter,Adapter
maven-3,ToolchainFactory,FactoryMethod
cdt,FunctionPrototypeSummary,Prototype
AllBinary-Platform,NoGameNotificationHudSingleton,Singleton
protogrid,BaseDataPrototype,Prototype
cucumber-jvm,FileResourceIteratorFactory,FactoryMethod
jbehave-core,InstanceStepsFactory,AbstractFactory
api,TCCLSingletonProvider,Singleton
jbehave-core,TradingService,
wayback,ReplayRendererDecorator,Decorator
ChenSun,DatabaseMetaData,
flume_1,LatchedDecorator,Decorator
osate2-core,FeatureGroupPrototypeImpl,Prototype
playorm,ListProxy,Proxy
3taps-Java-Client,Annotation,
zk,DefaultIDOMFactory,AbstractFactory
molgenis_apps,DBIndexUpdateDecorator,Decorator
wayback,MementoReplayRendererDecorator,Decorator
DimSim,SimpleProtocolCodecFactory,AbstractFactory
DimSim,RemotingCodecFactory,AbstractFactory
android-rackspacecloud,ConnectionPoolCommandExecutorServiceModule,
helma,Prototype,Prototype
jbehave-core,NamedParametersSteps,
liferay-portal,LayoutPrototypeWrapper,Prototype
cruisecontrol,Builder,Builder
3taps-Java-Client,DeleteResponse,
fuzzydb,DateDecorator,Decorator
magic-config,DoubleTagDecorator,Decorator
cdo,PostgreSQLAdapter,Adapter
hbase,ThriftServerMetricsSourceFactoryImpl,FactoryMethod
maven-3,DefaultModelBuilder,Builder
de-webapp,DiskResourceServiceFacade,Facade
frostwire-desktop,ElementalReverseProxy,Proxy
Alice,CallToUserDefinedResponsePrototype,Prototype
ChenSun,ConnectionPropertiesImpl,
cdk,ModelBuilder,Builder
cdo,CDODefsAdapterFactory,AbstractFactory
vogella,TotalObserver,Observer
spring-migration-analyzer,EjbDetectingClassVisitor,Visitor
ChenSun,MysqlXADataSource,
harmony-classlib,DragSourceEventProxy,Proxy
cdt,CElementDeltaBuilder,Builder
flume_1,UnbatchingDecorator,Decorator
frostwire-desktop,MRJ4EventProxy,Proxy
jbehave-core,AnnotatedEmbedderUsingSpringAndSteps,
openejb,SingleonContainerBuilder,Builder
dozer,DozerBuilder,Builder
DownloadProvider,DateSortedExpandableListAdapter,Adapter
cruisecontrol,NantBuilder,Builder
sablecc,MParamPrototype,Prototype
basiclti-portlet,WikispacesAdapter,Adapter
pellet,OntBuilder,Builder
AllBinary-Platform,GamePersistanceSingleton,Singleton
jbehave-core,BeforeAfterSteps,
cxf,ClientMessageObserver,Observer
ocl,XsdFactoryImpl,AbstractFactory
3taps-Java-Client,AnnotationOption,
cdt,BasicSelectionTransferDragAdapter,Adapter
cxf,PrimitiveTypesVisitor,Visitor
UK-Ejemplos,EventObserver,Observer
arquillian-extension-persistence,EventObserver,Observer
rap,IMemento,Memento
computercraft-spout,Prototype,Prototype
santuario-java,SignatureAlgorithmFactory,FactoryMethod
jabylon,UsersFactory,AbstractFactory
rap,MementoStateManager,Memento
sample-projects,Visitor,Visitor
swp1-teamhub,ProjektFacade,Facade
birt,MementoBuilder,Builder
eclipse.platform.debug,IElementMementoRequest,Memento
fuzzydb,AgeDecorator,Decorator
ocl,UnresolvedFactory,AbstractFactory
platform,PaypalSOAPProxy,Proxy
LimeWire-Pirate-Edition,GnutellaDownloadMemento,Memento
jamendo-android,TrackDatabaseBuilder,Builder
eclipse.platform.debug,ElementMementoProvider,Memento
jogetworkflow,FormFacade,Facade
pellet,FSMBuilder,Builder
santuario-java,ElementProxy,Proxy
wayback,ReplayParseEventDelegatorVisitor,Visitor
pellet,FunctionApplicationVisitor,Visitor
pellet,NumericComparisonVisitor,Visitor
platform,AbstractProxy,Proxy
jabylon,Memento,Memento
AllBinary-Platform,UserEmailEventHandlerSingletons,Singleton
refactoring_guru,CarBuilder,Builder
pcgen-svn,TemplateFacade,Facade
ChenSun,Field,
ChenSun,DatabaseMetaDataUsingInfoSchema,
cogroo4,CogrooSingleton,Singleton
petals-studio,JmsFactoryImpl,AbstractFactory
harmony-classlib,MockBeanContextProxyS,Proxy
pcgen-svn,TempBonusFacade,Facade
cdo,ObjyProxy,Proxy
DownloadProvider,DateSortedDownloadAdapter,Adapter
molgenis_apps,MolgenisFileDecorator,Decorator
java-patterns,OracleRegistrationDAOFactory,AbstractFactory
Emma,IOpcodeVisitor,Visitor
flume_1,ValueDecorator,Decorator
studio3,XMLMemento,Memento
LimeWire-Pirate-Edition,BTDiskManagerMementoImpl,Memento
geotoolkit-pending,GeometryProxy,Proxy
cdt,DelegatingDropAdapter,Adapter
ccw,BreakpointAdapterFactory,AbstractFactory
java-design-patterns,AbstractFactory,AbstractFactory
wayback,ArchivalUrlResultURIConverterFactory,FactoryMethod
biojava-legacy,SimpleAssemblyBuilder,Builder
spring-migration-analyzer,StubResultGatheringFieldVisitor,Visitor
fest-reflect,DecoratorInvocationHandler,Decorator
OneSwarm,ResourcePrototype,Prototype
smsc-server,MessageManagerFactory,FactoryMethod
pellet,RuleAtomVisitor,Visitor
cdk,Visitor,Visitor
Alice,QuestionPrototype,Prototype
petals-studio,JbiFactory,AbstractFactory
basiclti-portlet,IBasicLTIAdapter,Adapter
platform,MediationStatisticsObserver,Observer
cayenne,SingletonFaultFactory,FactoryMethod
platform,ActivityMediationStatisticsObserver,Observer
api,ResourceReferenceFactory,FactoryMethod
cdo,VersionBuilder,Builder
pcgen-svn,ReferenceFacade,Facade
jbehave-core,SearchSteps,
platform,CSGServiceObserver,Observer
accent,ChannelListenerAdapter,Adapter
jbehave-core,SkipBeforeAndAfterScenarioStepsIfGivenStory,
spring-migration-analyzer,StubResultGatheringMethodVisitor,Visitor
osate2-core,PrototypeImpl,Prototype
petals-studio,Filetransfer3Factory,AbstractFactory
TapIt-Android-SDK-Source,InterstitialAdProxyPrototype,Prototype
cfeclipse,URLDecorator,Decorator
pcgen-svn,SpellSupportFacade,Facade
javassist,Proxy,Proxy
tapestry-bootstrap,SessionBindingFactory,FactoryMethod
dawn-third,AnnotationMemento,Memento
BuildCraft,FactoryProxyClient,Proxy
jamendo-android,PlaylistBuilder,Builder
jamendo-android,AlbumDatabaseBuilder,Builder
HunApkNotifier,HunApkListAdapter,Adapter
LimeWire-Pirate-Edition,BTDownloadMementoImpl,Memento
jbehave-core,FailingBeforeStories,
cruisecontrol,CompositeBuilder,Builder
petals-studio,JmsFactory,AbstractFactory
pcgen-svn,SkillFacade,Facade
osate2-core,SubprogramPrototypeImpl,Prototype
soapui,InspectorFactory,FactoryMethod
activemq,DurableSubscriberFacade,Facade
soapui,EditorViewFactory,FactoryMethod
ocl,OCLinEcoreCSTFactoryImpl,AbstractFactory
liferay-portal,LayoutSetPrototypeWrapper,Prototype
pcgen-svn,CharacterLevelsFacadeImpl,Facade
JavaDesignPatternExercises,Memento,Memento
platform,SynapseObserver,Observer
cxf,FixedVisitor,Visitor
osate2-core,ProcessorPrototypeImpl,Prototype
osate2-core,Prototype,Prototype
ocl,AbapmappingFactoryImpl,AbstractFactory
magic-config,TripleTagDecorator,Decorator
molgenis_apps,EditableTableDecorator,Decorator
SWE12-Drone,PrototypeBrickAdapter,Adapter
pcgen-svn,LanguageFacade,Facade
de-webapp,AnalysisContextBuilder,Builder
tapestry-bootstrap,EnvironmentBindingFactory,FactoryMethod
de-webapp,AnalysisServiceFacade,Facade
openejb,BasicSingletonBean,Singleton
jbehave-core,StackTraceFormatter,
java-design-patterns,FishingBoatAdapter,Adapter
archaius,ExpandedConfigurationListenerAdapter,Adapter
playorm,CursorProxy,Proxy
3taps-Java-Client,SummaryResponse,
LimeWire-Pirate-Edition,TorrentFileSystemMementoImpl,Memento
cxf,MTOMAssertionBuilder,Builder
api,MockResourceFactory,FactoryMethod
Promasi-V2,TaskBridgeMemento,Memento
3taps-Java-Client,SearchResponse,
activemq,DataManagerFacade,Facade
computercraft-spout,Prototype,Prototype
DimSim,PopoutPanelProxy,Proxy
platform,HiveAxis2ConfigObserver,Observer
OpenSIG,Visitor,Visitor
alfresco,TransactionAwareSingleton,Singleton
Get-Another-Label,DawidSkeneDecorator,Decorator
osate2-core,FeatureGroupPrototype,Prototype
petals-studio,Filetransfer2xFactory,AbstractFactory
Generic-Graph-View,ColorMemento,Memento
spring-social-twitter,PlacePrototype,Prototype
teiid-designer,VdbModelBuilder,Builder
onebusaway-application-modules,ResourcePrototypeImpl,Prototype
cdt,CDTViewerDropAdapter,Adapter
activemq,JobSchedulerFacade,Facade
activemq,JournalFacade,Facade
biomixer,HighlightingResourceSetAvatarFactory,FactoryMethod
3taps-Java-Client,CreateResponse,
java-patterns,RegistrationDAOAbstractFactory,AbstractFactory
ocl,XsdFactory,AbstractFactory
see,BigDecimalFactory,AbstractFactory
harmony-classlib,BeanContextChildComponentProxy,Proxy
jbehave-core,WeldAnnotationBuilder,Builder
cdt,ICElementVisitor,Visitor
wayback,ARCRecordingProxy,Proxy
hypergraphdb,CacheActionQueueSingleton,Singleton
jbehave-core,TraderSteps,
Promasi-V2,ProjectTaskMemento,Memento
platform,PersistingStatisticsObserver,Observer
jbehave-core,ProvidedStepsFactory,AbstractFactory
Cours-3eme-ann-e,AbstractFacade,Facade
swp1-teamhub,KommentarFacade,Facade
ChenSun,MysqlValidConnectionChecker,
eclipse.platform.debug,BreakpointMementoProvider,Memento
AxonFramework,SpringPrototypeAggregateFactory,AbstractFactory
jbehave-core,GameObserver,Observer
cdt,MultiBuildConsoleAdapter,Adapter
hazelcast-cluster-monitor,MapPageBuilder,Builder
milton,HrResourceFactoryFactory,AbstractFactory
jbehave-core,InheritingAnnotatedEmbedderUsingSteps,
ChenSun,CachedResultSetMetaData,
cxf,ExceptionVisitor,Visitor
cdt,CodeReaderAdapter,Adapter
ocl,UnresolvedFactoryImpl,AbstractFactory
hivedb,DirectoryFacadeProvider,FactoryMethod
platform,SalesforceProxy,Proxy
Java-Design-Patterns,FactoryMethod,FactoryMethod
refactoring_guru,XMLExportVisitor,Visitor
cdt,PathEntryStoreProxy,Proxy
ant,JspCompilerAdapter,Adapter
cdt,CEditorTextHoverProxy,Proxy
jbehave-core,SandpitSteps,
OneSwarm,ImageResourcePrototype,Prototype
spring-migration-analyzer,DelegatingFieldVisitor,Visitor
3taps-Java-Client,PostingHistory,
android-rackspacecloud,ApacheHCHttpCommandExecutorServiceModule,
jbehave-core,ParametrisedSteps,
MPS,MappingsMemento,Memento
Emma,IAttributeVisitor,Visitor
pcgen-svn,DelegatingListFacade,Facade
wayback,ReplayParseEventDelegatorVisitor,Visitor
pcgen-svn,LoadableFacade,Facade
iBatisWorkShop,NoXmlSingletonConnectionManager,Singleton
frostwire-desktop,HeaderMouseObserver,Observer
pcgen-svn,InfoFactory,FactoryMethod
jbehave-core,AnnotatedEmbedderUsingSpring,
ChenSun,SocialNetworkDBAThread,
pcgen-svn,SpellSupportFacadeImpl,Facade
cxf,SequenceVisitor,Visitor
eclipse.platform.debug,RegisterGroupMementoProvider,Memento
cdt,BreakpointVMModelProxyStrategy,Proxy
cdt,ExpressionVMProviderModelProxyStrategy,Proxy
javassist,ScopedClassPoolFactory,FactoryMethod
sshj,SingletonRandomFactory,Singleton
cdt,PDOMProxy,Proxy
Alice,CallToUserDefinedQuestionPrototype,Prototype
pcgen-svn,UIDelegate,
AllBinary-Platform,CurrentlyPressedTouchButtonSingleton,Singleton
soapui,EmptyPanelBuilder,Builder
sslr,AstAndTokenVisitor,Visitor
java-design-patterns,CommanderVisitor,Visitor
biojava-legacy,ExceptionMemento,Memento
Promasi-V2,DepartmentMemento,Memento
pcgen-svn,CDOMFactory,FactoryMethod
Promasi-V2,EmployeeTaskMemento,Memento
osate2-core,FeatureGroupPrototypeActualImpl,Prototype
Emma,ICONSTANTVisitor,Visitor
robo-remote,EmSingleton,Singleton
biomixer,DisableIfEmptyResourceSetAvatarFactory,FactoryMethod
java-game-server,UDPChannelPipelineFactory,AbstractFactory
AllBinary-Platform,ImageComparisonResultCacheSingleton,Singleton
TapIt-Android-SDK-Source,BannerViewProxyPrototype,Prototype
pcgen-svn,LevelCommandFactory,FactoryMethod
ASEME,SUCFactory,AbstractFactory
platform,TargetServiceObserver,Observer
Mobile-Tour-Guide,BookmarkAdapter,Adapter
biomixer,HideIfEmptyResourceSetAvatarFactory,FactoryMethod
see,DoubleFactory,FactoryMethod
AllBinary-Platform,UploadMediaSingleton,Singleton
BMach,ISubject,Observer
pcgen-svn,LanguageChooserFacadeImpl,Facade
wolips,EOPrototypeListContentProvider,
cdo,DawngenmodelItemProviderAdapterFactory,AbstractFactory
cxf,DefinitionVisitor,Visitor
ASEME,AIPFactory,AbstractFactory
OneSwarm,ExternalTextResourcePrototype,Prototype
jbehave-core,GroovyAnnotationBuilderBehaviour,Builder
teiid-designer,CustomDiagramActionAdapter,Adapter
liferay-portal,LayoutPrototypeBaseImpl,Prototype
Android-Simple-Social-Sharing,FacebookEventObserver,Observer
eclipse.platform.ui,ConfigurationElementMemento,Memento
cdt,IndexerInputAdapter,Adapter
cdt,WorkbenchRunnableAdapter,Adapter
cucumber-jvm,SingletonFactory,FactoryMethod
pellet,PelletVisitor,Visitor
swp1-teamhub,TeamleiterFacade,Facade
platform_frameworks_base,SyncStatusObserver,Observer
cruisecontrol,Maven2Builder,Builder
liferay-portal,LayoutPrototypeLocalService,
hazelcast-cluster-monitor,QueuePageBuilder,Builder
jbehave-core,TraderPersister,
frostwire-desktop,Decorator,Decorator
Emma,AbstractClassDefVisitor,Visitor
sitemesh2,AbstractDecoratorMapper,Decorator
osate2-core,DataPrototypeImpl,Prototype
studio2,XMLMemento,Memento
osate2-core,BusPrototypeImpl,Prototype
spring-migration-analyzer,StubResultGatheringClassVisitor,Visitor
magic-config,SingleTagDecorator,Decorator
santuario-java,SecurityTokenFactory,FactoryMethod
mongkie,EnrichmentBuilder,Builder
frostwire-desktop,TreeMouseObserver,Observer
harmony-classlib,ActionProxy,Proxy
ChenSun,EscapeProcessor,
refactoring_guru,WindowsDialog,
cxf,TypesVisitor,Visitor
java-patterns,RegistrationDAOAbstractFactory,AbstractFactory
ant,TaskAdapter,Adapter
cdt,ProblemsLabelDecorator,Decorator
WhartonEventScheduler,PeopleCursorAdapter,Adapter
molgenis_apps,AuthorizableDecorator,Decorator
s4,PrototypeWrapper,Prototype
pcgen-svn,ModifyChoiceDecorator,Decorator
sslr,EmptyVisitor,Visitor
osate2-core,ComponentPrototypeBinding,Prototype
jbehave-core,SkipScenariosAfterFailure,
BuildCraft,CoreProxyClient,Proxy
platform,AbstractSynapseObserver,Observer
ocl,ExpressionsFactory,AbstractFactory
biomixer,UpdateResourceSetAvatarLabelFactory,FactoryMethod
intellij-community,SingletonInspection,Singleton
ocl,AbapdictionaryFactoryImpl,AbstractFactory
Mavenized-Wave-In-A-Box,ViewFactory,AbstractFactory
orion.server,GitFileDecorator,Decorator
playorm,FactorySingleton,Singleton
java-patterns,RegistrationDAOFactory,FactoryMethod
playorm,IterProxy,Proxy
platform,JMXObserver,Observer
protoj,Prototype,Prototype
bio_quiz,QuestionFacade,Facade
fafdtibb,FuriousNodeBuilderFactory,AbstractFactory
platform,ThrottlingAxis2ConfigurationContextObserver,Observer
eclipse.platform.debug,ExpressionMementoProvider,Memento
dozer,SampleDefaultBeanFactory,FactoryMethod
ASEME,SRMFactory,AbstractFactory
cfeclipse,URLDecoratorManager,
AllBinary-Platform,RemoteErrorHighScoresSingletonFactory,AbstractFactory
cxf,ColocMessageObserver,Observer
jbehave-core,SpringApplicationContextFactory,FactoryMethod
dawn-third,TraceMemento,Memento
dozer,UserBeanFactory,FactoryMethod
Promasi-V2,GameModelMemento,Memento
jge3d,Observer,Observer
biomixer,ResourceSetAvatarDropCommandFactory,FactoryMethod
jbehave-core,AnnotatedEmbedderUsingGuice,
cdt,ChangeGeneratorWriterVisitor,Visitor
ocl,AbapdictionaryFactory,AbstractFactory
platform,DiscoveryProxyObserver,Observer
faban,RunFacade,Facade
cdo,CDOItemProviderAdapter,Adapter
geotoolkit-pending,RandomStyleBuilder,Builder
bio_quiz,QuizFacade,Facade
cdt,CPPASTAllVisitor,Visitor
openejb,ThreadSingletonService,Singleton
TapIt-Android-SDK-Source,AlertAdProxyPrototype,Prototype
cdo,ContainerEventAdapter,Adapter
basiclti-portlet,NoteflightAdapter,Adapter
cdt,IModelVisitor,Visitor
harmony-classlib,VetoableChangeListenerProxy,Proxy
jbehave-core,SilentSuccessFilter,
ccw,LeiningenBuilder,Builder
Emma,InstrVisitor,Visitor
Promasi-V2,FlowSdObjectMemento,Memento
dawn-third,XYGraphMemento,Memento
jbehave-core,AnnotationBuilder,Builder
harmony-classlib,AWTEventListenerProxy,Proxy
console_1,AggregatedConsoleSingleton,Singleton
frostwire-desktop,NetworkAdminHTTPProxyImpl,Proxy
studio2,IMemento,Memento
Lord-of-Ultima-Manager,TradeRequestAdapter,Adapter
pcgen-svn,TodoFacadeImpl,Facade
spring-migration-analyzer,ApiUsageDetectingAsmVisitor,Visitor
emergency-service-drools-app,ProcedureServiceFactory,FactoryMethod
cfeclipse,URLDecoratorImageDescriptor,Decorator
de-webapp,TemplateServiceFacade,Facade
softwaremill-common,TransactionExceptionObserver,Observer
biomixer,NcboJsonpRestUrlBuilderFactory,FactoryMethod
UK-Ejemplos,ObserverBuilder,Builder
santuario-java,SignatureElementProxy,Proxy
molgenis_apps,MeasurementDecorator,Decorator
java-patterns,RegistrationDAOFactory,AbstractFactory
cdt,IncludeFolderDecorator,Decorator
ChenSun,CharsetMapping,
lyo.rio,ServiceProviderSingleton,Singleton
smsc-server,MessageObserver,Observer
smsc-server,PropertiesUserManagerFactory,FactoryMethod
jpatterns,AbstractFactoryPattern,AbstractFactory
cxf,ConstrTypeSpecVisitor,Visitor
api,IsolatedStaticSingletonProvider,Singleton
api,Singleton,Singleton
cdt,CElementDecorator,Decorator
jabylon,BasicMementoImpl,Memento
java-patterns,MySQLRegistrationDAOFactory,AbstractFactory
flume_1,GzipDecorator,Decorator
cruisecontrol,XcodeBuilder,Builder
see,LocalizedBigDecimalFactory,AbstractFactory
jbehave-core,SpringStepsFactory,AbstractFactory
jbehave-core,ParametrisationByDelimitedName,
jbehave-core,Stock,
jbehave-core,AnnotatedEmbedderUsingGuiceAndSteps,
biojava-legacy,URLFactory,FactoryMethod
api,Singleton,Singleton
ChenSun,BestResponseTimeBalanceStrategy,
molgenis_apps,DataDecorator,Decorator
jbehave-core,PicoAnnotationBuilder,Builder
ocl,QuantitystructureFactory,AbstractFactory
ccw,ClojureBuilder,Builder
ChenSun,CallableStatement,
cdo,IOVisitor,Visitor
teiid-designer,CoreMatcherFactory,FactoryMethod
ChenSun,MysqlDataSource,
bio_quiz,AbstractFacade,Facade
jpatterns,FactoryMethodPattern,FactoryMethod
OpenSIG,ExportacaoProxy,Proxy
cdt,LocationAdapter,Adapter
openejb,SingletonCalculatorClient,Singleton
flume_1,EventSinkDecorator,Decorator
JavaDesignPatternExercises,IObserver,Observer
playorm,NoSqlProxyImpl,Proxy
java-design-patterns,StarMemento,Memento
HunApkNotifier,HunApkListAdapter,Adapter
lyo.rio,ServiceProviderSingleton,Singleton
AllBinary-Platform,KeySingletonFactory,AbstractFactory
jbehave-core,FailingBeforeAfterSteps,
cdt,TextViewerDragAdapter,Adapter
refactoring_guru,GUIFactory,AbstractFactory
ecf,Proxy,Proxy
jamendo-android,RadioDatabaseBuilder,Builder
cxf,ConstVisitor,Visitor
intellij-community,JavaCodeStyleSettingsFacade,Facade
robo-remote,SoloSingleton,Singleton
Dual-Battery-Widget,ChartFactory,FactoryMethod
cdk,EventAdapter,Adapter
fafdtibb,MapperTreeBuilder,Builder
jbehave-core,CalendarSteps,
cdo,HSQLDBAdapter,Adapter
ASEME,StatechartFactory,AbstractFactory
cdo,EresourceItemProviderAdapterFactory,Adapter
pizzaapp,ConfigurationSingleton,Singleton
jamendo-android,ArtistBuilder,Builder
flume_1,BatchingDecorator,Decorator
flume_1,ReorderDecorator,Decorator
jbehave-core,FilePrintStreamFactory,FactoryMethod
prevayler,Memento,Memento
jbehave-core,User,
pellet,DefaultRuleAtomVisitor,Visitor
wayback,MementoReplayRendererDecorator,Decorator
java-game-server,TCPPipelineFactory,FactoryMethod
hbase,ThriftServerMetricsSourceFactory,FactoryMethod
Alice,ElementPrototype,Prototype
Get-Another-Label,DatumDecorator,Decorator
cxf,ChainInitiationObserver,Observer
AllBinary-Platform,ProcessPaintableSingletonFactory,Singleton
magic-config,DecoratorFactoryImpl,FactoryMethod
pcgen-svn,ListFacade,Facade
basiclti-portlet,AbstractAdapter,Adapter
cdk,RendererAdapter,Adapter
Emma,IClassDefVisitor,Visitor
milton,SpringResourceFactoryFactory,AbstractFactory
platform,Axis2ConfigurationContextObserverImpl,Observer
cdk,TemplateVisitor,Visitor
harmony-classlib,BeanContextProxy,Proxy
pcgen-svn,TermEvaluatorBuilder,Builder
udig-platform,UdigMemento,Memento
cayenne,DefaultWidgetFactory,AbstractFactory
cdk,AttributeAdapter,Adapter
frostwire-desktop,ProxyBlock,Proxy
jbehave-core,AbstractStepsFactory,AbstractFactory
ccw,ClojureLineBreakpointAdapter,Adapter
java-design-patterns,SoldierVisitor,Visitor
pellet,ATermVisitor,Visitor
platform,CSGAgentObserver,Observer
cdo,DNDDropAdapter,Adapter
AllBinary-Platform,StoreAdminUserEmailEventHandlerSingletons,Singleton
jbehave-core,FailureCorrelationStories,
sample-projects,Visitor,Visitor
stratosphere,ExecutionObserver,Observer
ocl,CompleteOCLCSTFactory,AbstractFactory
Catroid,PrototypeBrickAdapter,Adapter
petals-studio,Filetransfer2xFactoryImpl,AbstractFactory
ChenSun,JDBC4MysqlPooledConnection,
platform,TaskAxis2ConfigurationContextObserver,Observer
zk,UiFactory,AbstractFactory
jbehave-core,WeldStepsFactory,AbstractFactory
jbehave-core,PendingSteps,
liferay-portal,LayoutPrototypePermission,
rt.equinox.p2,Memento,Prototype
pcgen-svn,ListFacades,Facade
Generic-Graph-View,GraphViewMappingFactoryImpl,AbstractFactory
MPS,MappingsMemento,Memento
zk,AbstractUiFactory,AbstractFactory
cruisecontrol,LogFileSetupDecorator,Decorator
flume_1,ExceptionTwiddleDecorator,Decorator
orion.server,ResourceShapeFactory,FactoryMethod
